Datetime,Water Level (m)
2026-10-05 18:00:00,4.9536713e-05
2026-10-05 19:00:00,4.425499e-05
2026-10-05 20:00:00,3.8042217e-05
2026-10-05 21:00:00,2.296226e-05
2026-10-05 22:00:00,7.296295e-06
2026-10-05 23:00:00,1.1417814e-05
2026-10-06 00:00:00,5.3620806e-05
2026-10-06 01:00:00,4.5374443e-05
2026-10-06 02:00:00,5.9051446e-05
2026-10-06 03:00:00,5.5659857e-05
2026-10-06 04:00:00,6.699562e-05
2026-10-06 05:00:00,6.799281e-05
2026-10-06 06:00:00,8.503116e-05
2026-10-06 07:00:00,0.000103302955
2026-10-06 08:00:00,0.00011269937
2026-10-06 09:00:00,7.2542396e-05
2026-10-06 10:00:00,-2.6358396e-07
2026-10-06 11:00:00,-3.361811e-05
2026-10-06 12:00:00,-1.974768e-05
2026-10-06 13:00:00,3.9612805e-05
2026-10-06 14:00:00,6.3566615e-05
2026-10-06 15:00:00,5.363618e-05
2026-10-06 16:00:00,5.0174476e-05
2026-10-06 17:00:00,5.6633464e-05
2026-10-06 18:00:00,5.8620506e-05
2026-10-06 19:00:00,4.324174e-05
2026-10-06 20:00:00,3.6268146e-05
2026-10-06 21:00:00,4.7284306e-05
2026-10-06 22:00:00,3.484065e-05
2026-10-06 23:00:00,1.4780403e-05
2026-10-07 00:00:00,1.9016799e-06
2026-10-07 01:00:00,-7.8673875e-06
2026-10-07 02:00:00,7.831837e-06
2026-10-07 03:00:00,2.6776295e-05
2026-10-07 04:00:00,3.9119535e-05
2026-10-07 05:00:00,5.0507428e-05
2026-10-07 06:00:00,7.521348e-05
2026-10-07 07:00:00,8.084431e-05
2026-10-07 08:00:00,7.78638e-05
2026-10-07 09:00:00,6.9978545e-05
2026-10-07 10:00:00,0.0001134296
2026-10-07 11:00:00,0.00017878551
2026-10-07 12:00:00,7.657322e-05
2026-10-07 13:00:00,6.861935e-05
2026-10-07 14:00:00,7.246613e-05
2026-10-07 15:00:00,8.984431e-05
2026-10-07 16:00:00,0.0001037308
2026-10-07 17:00:00,0.00010132021
2026-10-07 18:00:00,0.0001009388
2026-10-07 19:00:00,0.00010716848
2026-10-07 20:00:00,0.00010352913
2026-10-07 21:00:00,0.000112743706
2026-10-07 22:00:00,0.00011964128
2026-10-07 23:00:00,9.9274235e-05
2026-10-08 00:00:00,7.599344e-05
2026-10-08 01:00:00,3.2409134e-05
2026-10-08 02:00:00,2.9964864e-05
2026-10-08 03:00:00,3.49294e-05
2026-10-08 04:00:00,3.9236482e-05
2026-10-08 05:00:00,5.3132797e-05
2026-10-08 06:00:00,6.923681e-05
2026-10-08 07:00:00,8.043663e-05
2026-10-08 08:00:00,8.569446e-05
2026-10-08 09:00:00,0.0001472262
2026-10-08 10:00:00,0.00018515642
2026-10-08 11:00:00,0.00016220107
2026-10-08 12:00:00,0.00010066604
2026-10-08 13:00:00,9.438142e-05
2026-10-08 14:00:00,8.721108e-05
2026-10-08 15:00:00,8.247404e-05
2026-10-08 16:00:00,7.063725e-05
2026-10-08 17:00:00,7.5191456e-05
2026-10-08 18:00:00,9.087445e-05
2026-10-08 19:00:00,0.000113404196
2026-10-08 20:00:00,0.00010172281
2026-10-08 21:00:00,9.0744375e-05
2026-10-08 22:00:00,5.866879e-05
2026-10-08 23:00:00,5.0080682e-05
2026-10-09 00:00:00,3.9641807e-05
2026-10-09 01:00:00,2.8695831e-05
2026-10-09 02:00:00,2.8879322e-05
2026-10-09 03:00:00,3.6085214e-05
2026-10-09 04:00:00,3.0928688e-05
2026-10-09 05:00:00,4.171206e-05
2026-10-09 06:00:00,8.029205e-05
2026-10-09 07:00:00,0.00010155608
2026-10-09 08:00:00,7.356138e-05
2026-10-09 09:00:00,5.8578247e-05
2026-10-09 10:00:00,9.027411e-05
2026-10-09 11:00:00,9.912847e-05
2026-10-09 12:00:00,0.00013035467
2026-10-09 13:00:00,0.00011164718
2026-10-09 14:00:00,9.836846e-05
2026-10-09 15:00:00,9.018938e-05
2026-10-09 16:00:00,9.998156e-05
2026-10-09 17:00:00,9.319453e-05
2026-10-09 18:00:00,9.1333495e-05
2026-10-09 19:00:00,0.000100551886
2026-10-09 20:00:00,0.00010103903
2026-10-09 21:00:00,0.00010370406
2026-10-09 22:00:00,9.1951326e-05
2026-10-09 23:00:00,8.6261134e-05
2026-10-10 00:00:00,0.00010919131
2026-10-10 01:00:00,5.7146914e-05
2026-10-10 02:00:00,4.3258853e-05
2026-10-10 03:00:00,4.023602e-05
2026-10-10 04:00:00,4.8939648e-05
2026-10-10 05:00:00,2.6596226e-05
2026-10-10 06:00:00,7.226492e-05
2026-10-10 07:00:00,0.00010042317
2026-10-10 08:00:00,0.00013210945
2026-10-10 09:00:00,0.0001561019
2026-10-10 10:00:00,0.00013356055
2026-10-10 11:00:00,0.000112035865
2026-10-10 12:00:00,9.95592e-05
2026-10-10 13:00:00,7.8096375e-05
2026-10-10 14:00:00,8.228589e-05
2026-10-10 15:00:00,6.0266837e-05
2026-10-10 16:00:00,2.6926133e-05
2026-10-10 17:00:00,2.7253629e-05
2026-10-10 18:00:00,3.5816105e-05
2026-10-10 19:00:00,4.3564927e-05
2026-10-10 20:00:00,5.8334677e-05
2026-10-10 21:00:00,5.2798427e-05
2026-10-10 22:00:00,4.8391532e-05
2026-10-10 23:00:00,4.2130327e-05
2026-10-11 00:00:00,2.7848202e-05
2026-10-11 01:00:00,3.1868487e-05
2026-10-11 02:00:00,1.9829473e-05
2026-10-11 03:00:00,-2.5150891e-06
2026-10-11 04:00:00,-7.55028e-06
2026-10-11 05:00:00,4.680578e-06
2026-10-11 06:00:00,4.4854583e-05
2026-10-11 07:00:00,8.046825e-05
2026-10-11 08:00:00,0.00012773059
2026-10-11 09:00:00,0.0001494574
2026-10-11 10:00:00,0.00012878337
2026-10-11 11:00:00,9.5378644e-05
2026-10-11 12:00:00,8.103424e-05
2026-10-11 13:00:00,8.720706e-05
2026-10-11 14:00:00,9.823982e-05
2026-10-11 15:00:00,7.8686186e-05
2026-10-11 16:00:00,5.2200023e-05
2026-10-11 17:00:00,4.195052e-05
2026-10-11 18:00:00,5.695499e-05
